{"animation":{"version":4,"name":"mixamo.com","duration":0.0333333,"nodes":[{"name":"Hips","defaults":{"p":[-9.07146e-06,0.933497,-1.39871e-05],"r":[-5.16362e-07,-1.15901e-06,3.64011e-05],"s":[0.01,0.01,0.01]},"keys":[{"t":0},{"t":0.0333333}]}]}}