{"animation":{"version":4,"name":"mixamo.com","duration":0.0333333,"nodes":[{"name":"Hips","defaults":{"p":[-5.71161e-06,1.0754,-0.00257328],"r":[-5.16362e-07,-6.15603e-11,-5.98726e-10],"s":[0.01,0.01,0.01]},"keys":[{"t":0},{"t":0.0333333}]}]}}